id,title,price_text,price_value,currency,location,date_posted,condition,category,seller_type,url,image_url,search_query,page_number,item_number,scraped_at,source
infinix_1_1,Infinix 43 Inch Smart Tv,"ETB 43,999",43999.0,ETB,"Addis Ababa, Addis Ketema",Any time,Unknown,Mobile Phones,Unknown,https://jiji.com.et/addis-ketema/tv-dvd-equipment/infinix-43-inch-smart-tv-iS11byTyYCYTI5HxdNlQDPjr.html?page=1&pos=1&cur_pos=1&ads_per_page=22&ads_count=216&lid=d76pli8J9os_jIWw&indexPosition=0,https://pictures-ethiopia.jijistatic.com/8905749_MzAwLTM3MC0wMmYyYzYwZWM0LTE.webp,infinix,1,1,2026-01-15T13:00:24.391277,Jiji Ethiopia
infinix_1_2,No Title,Price not listed,,ETB,Location not specified,Recently,Unknown,Other,Unknown,,,infinix,1,2,2026-01-15T13:00:24.393082,Jiji Ethiopia
infinix_1_3,No Title,Price not listed,,ETB,Location not specified,Any time,Unknown,Other,Unknown,,,infinix,1,3,2026-01-15T13:00:24.397071,Jiji Ethiopia
infinix_1_4,No Title,Price not listed,,ETB,Location not specified,Any time,Unknown,Other,Unknown,,,infinix,1,4,2026-01-15T13:00:24.400375,Jiji Ethiopia
infinix_1_5,No Title,Price not listed,,ETB,Location not specified,Recently,Unknown,Other,Unknown,,,infinix,1,5,2026-01-15T13:00:24.403367,Jiji Ethiopia
infinix_1_6,No Title,Price not listed,,ETB,Location not specified,Any time,Unknown,Other,Unknown,,,infinix,1,6,2026-01-15T13:00:24.405361,Jiji Ethiopia
infinix_1_7,Infinix 43 Inch Smart Tv,"ETB 43,999",43999.0,ETB,"Addis Ababa, Addis Ketema",Recently,Unknown,Mobile Phones,Unknown,https://jiji.com.et/addis-ketema/tv-dvd-equipment/infinix-43-inch-smart-tv-iS11byTyYCYTI5HxdNlQDPjr.html?page=1&pos=1&cur_pos=1&ads_per_page=22&ads_count=216&lid=d76pli8J9os_jIWw&indexPosition=0,https://pictures-ethiopia.jijistatic.com/8905749_MzAwLTM3MC0wMmYyYzYwZWM0LTE.webp,infinix,1,7,2026-01-15T13:00:24.471429,Jiji Ethiopia
infinix_1_8,Infinix 43 Inch Smart Tv,"ETB 43,999",43999.0,ETB,"Addis Ababa, Addis Ketema",Recently,Unknown,Mobile Phones,Unknown,https://jiji.com.et/addis-ketema/tv-dvd-equipment/infinix-43-inch-smart-tv-iS11byTyYCYTI5HxdNlQDPjr.html?page=1&pos=1&cur_pos=1&ads_per_page=22&ads_count=216&lid=d76pli8J9os_jIWw&indexPosition=0,https://pictures-ethiopia.jijistatic.com/8905749_MzAwLTM3MC0wMmYyYzYwZWM0LTE.webp,infinix,1,8,2026-01-15T13:00:24.531269,Jiji Ethiopia
infinix_1_9,Infinix 43 Inch Smart Tv,"ETB 43,999",43999.0,ETB,"Addis Ababa, Addis Ketema",Recently,Unknown,Mobile Phones,Unknown,https://jiji.com.et/addis-ketema/tv-dvd-equipment/infinix-43-inch-smart-tv-iS11byTyYCYTI5HxdNlQDPjr.html?page=1&pos=1&cur_pos=1&ads_per_page=22&ads_count=216&lid=d76pli8J9os_jIWw&indexPosition=0,https://pictures-ethiopia.jijistatic.com/8905749_MzAwLTM3MC0wMmYyYzYwZWM0LTE.webp,infinix,1,9,2026-01-15T13:00:24.535258,Jiji Ethiopia
infinix_1_10,No Title,Price not listed,,ETB,Location not specified,Recently,Unknown,Other,Unknown,,https://pictures-ethiopia.jijistatic.com/8905749_MzAwLTM3MC0wMmYyYzYwZWM0LTE.webp,infinix,1,10,2026-01-15T13:00:24.537253,Jiji Ethiopia
infinix_1_11,No Title,Price not listed,,ETB,Location not specified,Recently,Unknown,Other,Unknown,,https://pictures-ethiopia.jijistatic.com/8905749_MzAwLTM3MC0wMmYyYzYwZWM0LTE.webp,infinix,1,11,2026-01-15T13:00:24.538250,Jiji Ethiopia
infinix_1_12,Infinix 43 Inch Smart Tv,"ETB 43,999",43999.0,ETB,"Addis Ababa, Addis Ketema",Recently,Unknown,Mobile Phones,Unknown,,https://assets.jijistatic.com/static/img/premium-landing/ps-vip-icon.svg,infinix,1,12,2026-01-15T13:00:24.540245,Jiji Ethiopia
infinix_1_13,Infinix 43 Inch Smart Tv,"ETB 43,999",43999.0,ETB,"Addis Ababa, Addis Ketema",Recently,Unknown,Mobile Phones,Unknown,,https://assets.jijistatic.com/static/img/premium-landing/ps-vip-icon.svg,infinix,1,13,2026-01-15T13:00:24.543266,Jiji Ethiopia
infinix_1_14,Infinix 43 Inch Smart Tv,"ETB 43,999",43999.0,ETB,Location not specified,Recently,Unknown,Mobile Phones,Unknown,,,infinix,1,14,2026-01-15T13:00:24.544264,Jiji Ethiopia
infinix_1_15,No Title,"ETB 43,999",43999.0,ETB,Location not specified,Recently,Unknown,Other,Unknown,,,infinix,1,15,2026-01-15T13:00:24.545262,Jiji Ethiopia
infinix_1_16,No Title,"ETB 43,999",43999.0,ETB,Location not specified,Recently,Unknown,Other,Unknown,,,infinix,1,16,2026-01-15T13:00:24.546259,Jiji Ethiopia
infinix_1_17,No Title,"ETB 43,999",43999.0,ETB,Location not specified,Recently,Unknown,Other,Unknown,,,infinix,1,17,2026-01-15T13:00:24.547255,Jiji Ethiopia
infinix_1_18,No Title,"ETB 43,999",43999.0,ETB,Location not specified,Recently,Unknown,Other,Unknown,,,infinix,1,18,2026-01-15T13:00:24.547255,Jiji Ethiopia
infinix_1_19,Infinix 43 Inch Smart Tv,Price not listed,,ETB,Location not specified,Recently,Unknown,Mobile Phones,Unknown,,,infinix,1,19,2026-01-15T13:00:24.549226,Jiji Ethiopia
infinix_1_20,Infinix 43 Inch Smart Tv,Price not listed,,ETB,Location not specified,Recently,Unknown,Mobile Phones,Unknown,,,infinix,1,20,2026-01-15T13:00:24.550254,Jiji Ethiopia
infinix_1_21,Infinix 43 Inch Smart Tv,Price not listed,,ETB,Location not specified,Recently,Unknown,Mobile Phones,Unknown,,,infinix,1,21,2026-01-15T13:00:24.550254,Jiji Ethiopia
infinix_1_22,No Title,Price not listed,,ETB,"Addis Ababa, Addis Ketema",Recently,Unknown,Other,Unknown,,https://assets.jijistatic.com/static/img/premium-landing/ps-vip-icon.svg,infinix,1,22,2026-01-15T13:00:24.553246,Jiji Ethiopia
infinix_1_23,No Title,Price not listed,,ETB,Location not specified,Recently,Unknown,Other,Unknown,,,infinix,1,23,2026-01-15T13:00:24.553246,Jiji Ethiopia
infinix_1_24,No Title,Price not listed,,ETB,Location not specified,Recently,Unknown,Other,Unknown,,,infinix,1,24,2026-01-15T13:00:24.554211,Jiji Ethiopia
infinix_1_25,No Title,Price not listed,,ETB,Location not specified,Recently,Unknown,Other,Unknown,,,infinix,1,25,2026-01-15T13:00:24.555243,Jiji Ethiopia
infinix_1_26,No Title,Price not listed,,ETB,Location not specified,Recently,Unknown,Other,Unknown,,,infinix,1,26,2026-01-15T13:00:24.556238,Jiji Ethiopia
infinix_1_27,No Title,Price not listed,,ETB,Location not specified,Recently,Unknown,Other,Unknown,,,infinix,1,27,2026-01-15T13:00:24.556780,Jiji Ethiopia
infinix_1_28,No Title,Price not listed,,ETB,Location not specified,Recently,Unknown,Other,Unknown,,,infinix,1,28,2026-01-15T13:00:24.557814,Jiji Ethiopia
infinix_1_29,No Title,Price not listed,,ETB,"Addis Ababa, Addis Ketema",Recently,Unknown,Other,Unknown,,https://assets.jijistatic.com/static/img/premium-landing/ps-vip-icon.svg,infinix,1,29,2026-01-15T13:00:24.558810,Jiji Ethiopia
infinix_1_30,No Title,Price not listed,,ETB,"Addis Ababa, Addis Ketema",Recently,Unknown,Other,Unknown,,,infinix,1,30,2026-01-15T13:00:24.559808,Jiji Ethiopia
infinix_1_31,No Title,Price not listed,,ETB,"Addis Ababa, Addis Ketema",Recently,Unknown,Other,Unknown,,,infinix,1,31,2026-01-15T13:00:24.560802,Jiji Ethiopia
infinix_1_32,No Title,Price not listed,,ETB,"Addis Ababa, Addis Ketema",Recently,Unknown,Other,Unknown,,,infinix,1,32,2026-01-15T13:00:24.560802,Jiji Ethiopia
infinix_1_33,No Title,Price not listed,,ETB,Location not specified,Recently,Unknown,Other,Unknown,,https://assets.jijistatic.com/static/img/premium-landing/ps-vip-icon.svg,infinix,1,33,2026-01-15T13:00:24.561796,Jiji Ethiopia
infinix_1_34,No Title,Price not listed,,ETB,Location not specified,Recently,Unknown,Other,Unknown,,https://assets.jijistatic.com/static/img/premium-landing/ps-vip-icon.svg,infinix,1,34,2026-01-15T13:00:24.562793,Jiji Ethiopia
infinix_1_35,New Infinix Smart 8 64 GB Black,"ETB 12,799",12799.0,ETB,"Addis Ababa, Bole",Recently,New,Mobile Phones,Unknown,https://jiji.com.et/bole/mobile-phones/new-infinix-smart-8-64-gb-black-5Zh1TI4YA4NXWWEOvPkdbE2K.html?page=1&pos=4&cur_pos=4&ads_per_page=22&ads_count=216&lid=d76pli8J9os_jIWw&indexPosition=3,https://pictures-ethiopia.jijistatic.com/9800906_MzAwLTQwMC0wOTVmYjhjYzAy.webp,infinix,1,35,2026-01-15T13:00:24.566782,Jiji Ethiopia
infinix_1_36,No Title,Price not listed,,ETB,Location not specified,Recently,Unknown,Other,Unknown,,https://pictures-ethiopia.jijistatic.com/9800906_MzAwLTQwMC0wOTVmYjhjYzAy.webp,infinix,1,36,2026-01-15T13:00:24.568777,Jiji Ethiopia
infinix_1_37,No Title,Price not listed,,ETB,Location not specified,Recently,Unknown,Other,Unknown,,https://pictures-ethiopia.jijistatic.com/9800906_MzAwLTQwMC0wOTVmYjhjYzAy.webp,infinix,1,37,2026-01-15T13:00:24.569775,Jiji Ethiopia
infinix_1_38,No Title,Price not listed,,ETB,Location not specified,Recently,Unknown,Other,Unknown,,,infinix,1,38,2026-01-15T13:00:24.570745,Jiji Ethiopia
infinix_1_39,New Infinix Smart 8 64 GB Black,"ETB 12,799",12799.0,ETB,"Addis Ababa, Bole",Recently,New,Mobile Phones,Unknown,,https://assets.jijistatic.com/static/img/premium-landing/ps-vip-icon.svg,infinix,1,39,2026-01-15T13:00:24.572769,Jiji Ethiopia
infinix_1_40,New Infinix Smart 8 64 GB Black,"ETB 12,799",12799.0,ETB,"Addis Ababa, Bole",Recently,New,Mobile Phones,Unknown,,https://assets.jijistatic.com/static/img/premium-landing/ps-vip-icon.svg,infinix,1,40,2026-01-15T13:00:24.575764,Jiji Ethiopia
infinix_2_1,Infinix Smart 7 HD 64 GB White,"ETB 8,500",8500.0,ETB,"Addis Ababa, Nifas Silk-Lafto",Recently,Unknown,Mobile Phones,Unknown,https://jiji.com.et/nifas-silk-lafto/mobile-phones/infinix-smart-7-hd-64-gb-white-5OuDomU9lmE8D4ElrqTsa3A3.html?page=2&pos=1&cur_pos=1&ads_per_page=20&ads_count=216&lid=gx275fOztdigt5Jl&indexPosition=0,https://pictures-ethiopia.jijistatic.com/10347031_MzAwLTQ2Ni0yN2I5NjFhZWI1.webp,infinix,2,1,2026-01-15T13:00:30.272735,Jiji Ethiopia
infinix_2_2,No Title,Price not listed,,ETB,Location not specified,Recently,Unknown,Other,Unknown,,,infinix,2,2,2026-01-15T13:00:30.273716,Jiji Ethiopia
infinix_2_3,No Title,Price not listed,,ETB,Location not specified,Recently,Unknown,Other,Unknown,,,infinix,2,3,2026-01-15T13:00:30.276723,Jiji Ethiopia
infinix_2_4,No Title,Price not listed,,ETB,Location not specified,Recently,Unknown,Other,Unknown,,,infinix,2,4,2026-01-15T13:00:30.279697,Jiji Ethiopia
infinix_2_5,No Title,Price not listed,,ETB,Location not specified,Recently,Unknown,Other,Unknown,,,infinix,2,5,2026-01-15T13:00:30.281710,Jiji Ethiopia
infinix_2_6,Infinix Smart 7 HD 64 GB White,"ETB 8,500",8500.0,ETB,"Addis Ababa, Nifas Silk-Lafto",Recently,Unknown,Mobile Phones,Unknown,https://jiji.com.et/nifas-silk-lafto/mobile-phones/infinix-smart-7-hd-64-gb-white-5OuDomU9lmE8D4ElrqTsa3A3.html?page=2&pos=1&cur_pos=1&ads_per_page=20&ads_count=216&lid=gx275fOztdigt5Jl&indexPosition=0,https://pictures-ethiopia.jijistatic.com/10347031_MzAwLTQ2Ni0yN2I5NjFhZWI1.webp,infinix,2,6,2026-01-15T13:00:30.345545,Jiji Ethiopia
infinix_2_7,Infinix Smart 7 HD 64 GB White,"ETB 8,500",8500.0,ETB,"Addis Ababa, Nifas Silk-Lafto",Recently,Unknown,Mobile Phones,Unknown,https://jiji.com.et/nifas-silk-lafto/mobile-phones/infinix-smart-7-hd-64-gb-white-5OuDomU9lmE8D4ElrqTsa3A3.html?page=2&pos=1&cur_pos=1&ads_per_page=20&ads_count=216&lid=gx275fOztdigt5Jl&indexPosition=0,https://pictures-ethiopia.jijistatic.com/10347031_MzAwLTQ2Ni0yN2I5NjFhZWI1.webp,infinix,2,7,2026-01-15T13:00:30.403991,Jiji Ethiopia
infinix_2_8,Infinix Smart 7 HD 64 GB White,"ETB 8,500",8500.0,ETB,"Addis Ababa, Nifas Silk-Lafto",Recently,Unknown,Mobile Phones,Unknown,https://jiji.com.et/nifas-silk-lafto/mobile-phones/infinix-smart-7-hd-64-gb-white-5OuDomU9lmE8D4ElrqTsa3A3.html?page=2&pos=1&cur_pos=1&ads_per_page=20&ads_count=216&lid=gx275fOztdigt5Jl&indexPosition=0,https://pictures-ethiopia.jijistatic.com/10347031_MzAwLTQ2Ni0yN2I5NjFhZWI1.webp,infinix,2,8,2026-01-15T13:00:30.406983,Jiji Ethiopia
infinix_2_9,No Title,Price not listed,,ETB,Location not specified,Recently,Unknown,Other,Unknown,,https://pictures-ethiopia.jijistatic.com/10347031_MzAwLTQ2Ni0yN2I5NjFhZWI1.webp,infinix,2,9,2026-01-15T13:00:30.408978,Jiji Ethiopia
infinix_2_10,No Title,Price not listed,,ETB,Location not specified,Recently,Unknown,Other,Unknown,,https://pictures-ethiopia.jijistatic.com/10347031_MzAwLTQ2Ni0yN2I5NjFhZWI1.webp,infinix,2,10,2026-01-15T13:00:30.409976,Jiji Ethiopia
infinix_2_11,Infinix Smart 7 HD 64 GB White,"ETB 8,500",8500.0,ETB,"Addis Ababa, Nifas Silk-Lafto",Recently,Unknown,Mobile Phones,Unknown,,,infinix,2,11,2026-01-15T13:00:30.412962,Jiji Ethiopia
infinix_2_12,Infinix Smart 7 HD 64 GB White,"ETB 8,500",8500.0,ETB,"Addis Ababa, Nifas Silk-Lafto",Recently,Unknown,Mobile Phones,Unknown,,,infinix,2,12,2026-01-15T13:00:30.414957,Jiji Ethiopia
infinix_2_13,Infinix Smart 7 HD 64 GB White,"ETB 8,500",8500.0,ETB,Location not specified,Recently,Unknown,Mobile Phones,Unknown,,,infinix,2,13,2026-01-15T13:00:30.416955,Jiji Ethiopia
infinix_2_14,No Title,"ETB 8,500",8500.0,ETB,Location not specified,Recently,Unknown,Other,Unknown,,,infinix,2,14,2026-01-15T13:00:30.416955,Jiji Ethiopia
infinix_2_15,No Title,"ETB 8,500",8500.0,ETB,Location not specified,Recently,Unknown,Other,Unknown,,,infinix,2,15,2026-01-15T13:00:30.417948,Jiji Ethiopia
infinix_2_16,No Title,"ETB 8,500",8500.0,ETB,Location not specified,Recently,Unknown,Other,Unknown,,,infinix,2,16,2026-01-15T13:00:30.418945,Jiji Ethiopia
infinix_2_17,No Title,"ETB 8,500",8500.0,ETB,Location not specified,Recently,Unknown,Other,Unknown,,,infinix,2,17,2026-01-15T13:00:30.418945,Jiji Ethiopia
infinix_2_18,Infinix Smart 7 HD 64 GB White,Price not listed,,ETB,Location not specified,Recently,Unknown,Mobile Phones,Unknown,,,infinix,2,18,2026-01-15T13:00:30.419943,Jiji Ethiopia
infinix_2_19,Infinix Smart 7 HD 64 GB White,Price not listed,,ETB,Location not specified,Recently,Unknown,Mobile Phones,Unknown,,,infinix,2,19,2026-01-15T13:00:30.420940,Jiji Ethiopia
infinix_2_20,Infinix Smart 7 HD 64 GB White,Price not listed,,ETB,Location not specified,Recently,Unknown,Mobile Phones,Unknown,,,infinix,2,20,2026-01-15T13:00:30.421938,Jiji Ethiopia
infinix_2_21,No Title,Price not listed,,ETB,"Addis Ababa, Nifas Silk-Lafto",Recently,Unknown,Other,Unknown,,,infinix,2,21,2026-01-15T13:00:30.422935,Jiji Ethiopia
infinix_2_22,No Title,Price not listed,,ETB,Location not specified,Recently,Unknown,Other,Unknown,,,infinix,2,22,2026-01-15T13:00:30.423933,Jiji Ethiopia
infinix_2_23,No Title,Price not listed,,ETB,Location not specified,Recently,Unknown,Other,Unknown,,,infinix,2,23,2026-01-15T13:00:30.424929,Jiji Ethiopia
infinix_2_24,No Title,Price not listed,,ETB,Location not specified,Recently,Unknown,Other,Unknown,,,infinix,2,24,2026-01-15T13:00:30.425927,Jiji Ethiopia
infinix_2_25,No Title,Price not listed,,ETB,Location not specified,Recently,Unknown,Other,Unknown,,,infinix,2,25,2026-01-15T13:00:30.425927,Jiji Ethiopia
infinix_2_26,No Title,Price not listed,,ETB,Location not specified,Recently,Unknown,Other,Unknown,,,infinix,2,26,2026-01-15T13:00:30.426925,Jiji Ethiopia
infinix_2_27,No Title,Price not listed,,ETB,"Addis Ababa, Nifas Silk-Lafto",Recently,Unknown,Other,Unknown,,,infinix,2,27,2026-01-15T13:00:30.427921,Jiji Ethiopia
infinix_2_28,No Title,Price not listed,,ETB,"Addis Ababa, Nifas Silk-Lafto",Recently,Unknown,Other,Unknown,,,infinix,2,28,2026-01-15T13:00:30.428924,Jiji Ethiopia
infinix_2_29,No Title,Price not listed,,ETB,"Addis Ababa, Nifas Silk-Lafto",Recently,Unknown,Other,Unknown,,,infinix,2,29,2026-01-15T13:00:30.429916,Jiji Ethiopia
infinix_2_30,No Title,Price not listed,,ETB,"Addis Ababa, Nifas Silk-Lafto",Recently,Unknown,Other,Unknown,,,infinix,2,30,2026-01-15T13:00:30.429916,Jiji Ethiopia
infinix_2_31,Infinix Smart 6 32 GB Black,"ETB 8,000",8000.0,ETB,"Addis Ababa, Gullele",Recently,Unknown,Mobile Phones,Unknown,https://jiji.com.et/gullele/mobile-phones/infinix-smart-6-32-gb-black-aKPniFaMS11G2THXVbcKMj8i.html?page=2&pos=4&cur_pos=4&ads_per_page=20&ads_count=216&lid=gx275fOztdigt5Jl&indexPosition=3,https://pictures-ethiopia.jijistatic.com/10343679_MzAwLTUzMy0zOTcwNmJmNTM0.webp,infinix,2,31,2026-01-15T13:00:30.433906,Jiji Ethiopia
infinix_2_32,No Title,Price not listed,,ETB,Location not specified,Recently,Unknown,Other,Unknown,,https://pictures-ethiopia.jijistatic.com/10343679_MzAwLTUzMy0zOTcwNmJmNTM0.webp,infinix,2,32,2026-01-15T13:00:30.434903,Jiji Ethiopia
infinix_2_33,No Title,Price not listed,,ETB,Location not specified,Recently,Unknown,Other,Unknown,,https://pictures-ethiopia.jijistatic.com/10343679_MzAwLTUzMy0zOTcwNmJmNTM0.webp,infinix,2,33,2026-01-15T13:00:30.435900,Jiji Ethiopia
infinix_2_34,Infinix Smart 6 32 GB Black,"ETB 8,000",8000.0,ETB,"Addis Ababa, Gullele",Recently,Unknown,Mobile Phones,Unknown,,,infinix,2,34,2026-01-15T13:00:30.438892,Jiji Ethiopia
infinix_2_35,Infinix Smart 6 32 GB Black,"ETB 8,000",8000.0,ETB,"Addis Ababa, Gullele",Recently,Unknown,Mobile Phones,Unknown,,,infinix,2,35,2026-01-15T13:00:30.440887,Jiji Ethiopia
infinix_2_36,Infinix Smart 6 32 GB Black,"ETB 8,000",8000.0,ETB,Location not specified,Recently,Unknown,Mobile Phones,Unknown,,,infinix,2,36,2026-01-15T13:00:30.441884,Jiji Ethiopia
infinix_2_37,No Title,"ETB 8,000",8000.0,ETB,Location not specified,Recently,Unknown,Other,Unknown,,,infinix,2,37,2026-01-15T13:00:30.442882,Jiji Ethiopia
infinix_2_38,No Title,"ETB 8,000",8000.0,ETB,Location not specified,Recently,Unknown,Other,Unknown,,,infinix,2,38,2026-01-15T13:00:30.443879,Jiji Ethiopia
infinix_2_39,No Title,"ETB 8,000",8000.0,ETB,Location not specified,Recently,Unknown,Other,Unknown,,,infinix,2,39,2026-01-15T13:00:30.443879,Jiji Ethiopia
infinix_2_40,No Title,"ETB 8,000",8000.0,ETB,Location not specified,Recently,Unknown,Other,Unknown,,,infinix,2,40,2026-01-15T13:00:30.444877,Jiji Ethiopia
infinix_3_1,Infinix S5 ( X652) 64 GB Blue,"ETB 13,500",13500.0,ETB,"Addis Ababa, Addis Ketema",Recently,Unknown,Mobile Phones,Unknown,https://jiji.com.et/addis-ketema/mobile-phones/infinix-s5-x652-64-gb-blue-rhWHSScWZIkCyCdYUMxLkMzx.html?page=3&pos=1&cur_pos=1&ads_per_page=20&ads_count=216&lid=Dl9hu9J9jq2WvwPf&indexPosition=0,https://pictures-ethiopia.jijistatic.com/10200692_MzAwLTUzMy0xYjFmODU2ZGUy.webp,infinix,3,1,2026-01-15T13:00:37.563939,Jiji Ethiopia
infinix_3_2,No Title,Price not listed,,ETB,Location not specified,Recently,Unknown,Other,Unknown,,,infinix,3,2,2026-01-15T13:00:37.564903,Jiji Ethiopia
infinix_3_3,No Title,Price not listed,,ETB,Location not specified,Recently,Unknown,Other,Unknown,,,infinix,3,3,2026-01-15T13:00:37.567929,Jiji Ethiopia
infinix_3_4,No Title,Price not listed,,ETB,Location not specified,Recently,Unknown,Other,Unknown,,,infinix,3,4,2026-01-15T13:00:37.569931,Jiji Ethiopia
infinix_3_5,No Title,Price not listed,,ETB,Location not specified,Recently,Unknown,Other,Unknown,,,infinix,3,5,2026-01-15T13:00:37.571926,Jiji Ethiopia
infinix_3_6,Infinix S5 ( X652) 64 GB Blue,"ETB 13,500",13500.0,ETB,"Addis Ababa, Addis Ketema",Recently,Unknown,Mobile Phones,Unknown,https://jiji.com.et/addis-ketema/mobile-phones/infinix-s5-x652-64-gb-blue-rhWHSScWZIkCyCdYUMxLkMzx.html?page=3&pos=1&cur_pos=1&ads_per_page=20&ads_count=216&lid=Dl9hu9J9jq2WvwPf&indexPosition=0,https://pictures-ethiopia.jijistatic.com/10200692_MzAwLTUzMy0xYjFmODU2ZGUy.webp,infinix,3,6,2026-01-15T13:00:37.635724,Jiji Ethiopia
infinix_3_7,Infinix S5 ( X652) 64 GB Blue,"ETB 13,500",13500.0,ETB,"Addis Ababa, Addis Ketema",Recently,Unknown,Mobile Phones,Unknown,https://jiji.com.et/addis-ketema/mobile-phones/infinix-s5-x652-64-gb-blue-rhWHSScWZIkCyCdYUMxLkMzx.html?page=3&pos=1&cur_pos=1&ads_per_page=20&ads_count=216&lid=Dl9hu9J9jq2WvwPf&indexPosition=0,https://pictures-ethiopia.jijistatic.com/10200692_MzAwLTUzMy0xYjFmODU2ZGUy.webp,infinix,3,7,2026-01-15T13:00:37.693194,Jiji Ethiopia
infinix_3_8,Infinix S5 ( X652) 64 GB Blue,"ETB 13,500",13500.0,ETB,"Addis Ababa, Addis Ketema",Recently,Unknown,Mobile Phones,Unknown,https://jiji.com.et/addis-ketema/mobile-phones/infinix-s5-x652-64-gb-blue-rhWHSScWZIkCyCdYUMxLkMzx.html?page=3&pos=1&cur_pos=1&ads_per_page=20&ads_count=216&lid=Dl9hu9J9jq2WvwPf&indexPosition=0,https://pictures-ethiopia.jijistatic.com/10200692_MzAwLTUzMy0xYjFmODU2ZGUy.webp,infinix,3,8,2026-01-15T13:00:37.697183,Jiji Ethiopia
infinix_3_9,No Title,Price not listed,,ETB,Location not specified,Recently,Unknown,Other,Unknown,,https://pictures-ethiopia.jijistatic.com/10200692_MzAwLTUzMy0xYjFmODU2ZGUy.webp,infinix,3,9,2026-01-15T13:00:37.698180,Jiji Ethiopia
infinix_3_10,No Title,Price not listed,,ETB,Location not specified,Recently,Unknown,Other,Unknown,,https://pictures-ethiopia.jijistatic.com/10200692_MzAwLTUzMy0xYjFmODU2ZGUy.webp,infinix,3,10,2026-01-15T13:00:37.699182,Jiji Ethiopia
infinix_3_11,Infinix S5 ( X652) 64 GB Blue,"ETB 13,500",13500.0,ETB,"Addis Ababa, Addis Ketema",Recently,Unknown,Mobile Phones,Unknown,,,infinix,3,11,2026-01-15T13:00:37.737050,Jiji Ethiopia
infinix_3_12,Infinix S5 ( X652) 64 GB Blue,"ETB 13,500",13500.0,ETB,"Addis Ababa, Addis Ketema",Recently,Unknown,Mobile Phones,Unknown,,,infinix,3,12,2026-01-15T13:00:37.740080,Jiji Ethiopia
infinix_3_13,Infinix S5 ( X652) 64 GB Blue,"ETB 13,500",13500.0,ETB,Location not specified,Recently,Unknown,Mobile Phones,Unknown,,,infinix,3,13,2026-01-15T13:00:37.741072,Jiji Ethiopia
infinix_3_14,No Title,"ETB 13,500",13500.0,ETB,Location not specified,Recently,Unknown,Other,Unknown,,,infinix,3,14,2026-01-15T13:00:37.742070,Jiji Ethiopia
infinix_3_15,No Title,"ETB 13,500",13500.0,ETB,Location not specified,Recently,Unknown,Other,Unknown,,,infinix,3,15,2026-01-15T13:00:37.743070,Jiji Ethiopia
infinix_3_16,No Title,"ETB 13,500",13500.0,ETB,Location not specified,Recently,Unknown,Other,Unknown,,,infinix,3,16,2026-01-15T13:00:37.743070,Jiji Ethiopia
infinix_3_17,No Title,"ETB 13,500",13500.0,ETB,Location not specified,Recently,Unknown,Other,Unknown,,,infinix,3,17,2026-01-15T13:00:37.744060,Jiji Ethiopia
infinix_3_18,Infinix S5 ( X652) 64 GB Blue,Price not listed,,ETB,Location not specified,Recently,Unknown,Mobile Phones,Unknown,,,infinix,3,18,2026-01-15T13:00:37.745057,Jiji Ethiopia
infinix_3_19,Infinix S5 ( X652) 64 GB Blue,Price not listed,,ETB,Location not specified,Recently,Unknown,Mobile Phones,Unknown,,,infinix,3,19,2026-01-15T13:00:37.746059,Jiji Ethiopia
infinix_3_20,Infinix S5 ( X652) 64 GB Blue,Price not listed,,ETB,Location not specified,Recently,Unknown,Mobile Phones,Unknown,,,infinix,3,20,2026-01-15T13:00:37.746059,Jiji Ethiopia
infinix_3_21,No Title,Price not listed,,ETB,"Addis Ababa, Addis Ketema",Recently,Unknown,Other,Unknown,,,infinix,3,21,2026-01-15T13:00:37.748055,Jiji Ethiopia
infinix_3_22,No Title,Price not listed,,ETB,Location not specified,Recently,Unknown,Other,Unknown,,,infinix,3,22,2026-01-15T13:00:37.749051,Jiji Ethiopia
infinix_3_23,No Title,Price not listed,,ETB,Location not specified,Recently,Unknown,Other,Unknown,,,infinix,3,23,2026-01-15T13:00:37.749051,Jiji Ethiopia
infinix_3_24,No Title,Price not listed,,ETB,Location not specified,Recently,Unknown,Other,Unknown,,,infinix,3,24,2026-01-15T13:00:37.750048,Jiji Ethiopia
infinix_3_25,No Title,Price not listed,,ETB,Location not specified,Recently,Unknown,Other,Unknown,,,infinix,3,25,2026-01-15T13:00:37.751045,Jiji Ethiopia
infinix_3_26,No Title,Price not listed,,ETB,Location not specified,Recently,Unknown,Other,Unknown,,,infinix,3,26,2026-01-15T13:00:37.751045,Jiji Ethiopia
infinix_3_27,No Title,Price not listed,,ETB,"Addis Ababa, Addis Ketema",Recently,Unknown,Other,Unknown,,,infinix,3,27,2026-01-15T13:00:37.754005,Jiji Ethiopia
infinix_3_28,No Title,Price not listed,,ETB,"Addis Ababa, Addis Ketema",Recently,Unknown,Other,Unknown,,,infinix,3,28,2026-01-15T13:00:37.755011,Jiji Ethiopia
infinix_3_29,No Title,Price not listed,,ETB,"Addis Ababa, Addis Ketema",Recently,Unknown,Other,Unknown,,,infinix,3,29,2026-01-15T13:00:37.756036,Jiji Ethiopia
infinix_3_30,No Title,Price not listed,,ETB,"Addis Ababa, Addis Ketema",Recently,Unknown,Other,Unknown,,,infinix,3,30,2026-01-15T13:00:37.757029,Jiji Ethiopia
infinix_3_31,New Infinix Smart 5 64 GB Black,"ETB 8,000",8000.0,ETB,"Addis Ababa, Yeka",Recently,New,Mobile Phones,Unknown,https://jiji.com.et/yeka/mobile-phones/new-infinix-smart-5-64-gb-black-kgNQhrhmQ8AkFsvDlQxdld8s.html?page=3&pos=4&cur_pos=4&ads_per_page=20&ads_count=216&lid=Dl9hu9J9jq2WvwPf&indexPosition=3,https://pictures-ethiopia.jijistatic.com/10285413_MzAwLTQwMC04YjI1MzJkOGEy.webp,infinix,3,31,2026-01-15T13:00:37.761018,Jiji Ethiopia
infinix_3_32,No Title,Price not listed,,ETB,Location not specified,Recently,Unknown,Other,Unknown,,https://pictures-ethiopia.jijistatic.com/10285413_MzAwLTQwMC04YjI1MzJkOGEy.webp,infinix,3,32,2026-01-15T13:00:37.762043,Jiji Ethiopia
infinix_3_33,No Title,Price not listed,,ETB,Location not specified,Recently,Unknown,Other,Unknown,,https://pictures-ethiopia.jijistatic.com/10285413_MzAwLTQwMC04YjI1MzJkOGEy.webp,infinix,3,33,2026-01-15T13:00:37.763010,Jiji Ethiopia
infinix_3_34,New Infinix Smart 5 64 GB Black,"ETB 8,000",8000.0,ETB,"Addis Ababa, Yeka",Recently,New,Mobile Phones,Unknown,,,infinix,3,34,2026-01-15T13:00:37.766003,Jiji Ethiopia
infinix_3_35,New Infinix Smart 5 64 GB Black,"ETB 8,000",8000.0,ETB,"Addis Ababa, Yeka",Recently,New,Mobile Phones,Unknown,,,infinix,3,35,2026-01-15T13:00:37.769476,Jiji Ethiopia
infinix_3_36,New Infinix Smart 5 64 GB Black,"ETB 8,000",8000.0,ETB,Location not specified,Recently,New,Mobile Phones,Unknown,,,infinix,3,36,2026-01-15T13:00:37.770476,Jiji Ethiopia
infinix_3_37,No Title,"ETB 8,000",8000.0,ETB,Location not specified,Recently,Unknown,Other,Unknown,,,infinix,3,37,2026-01-15T13:00:37.771473,Jiji Ethiopia
infinix_3_38,No Title,"ETB 8,000",8000.0,ETB,Location not specified,Recently,Unknown,Other,Unknown,,,infinix,3,38,2026-01-15T13:00:37.772470,Jiji Ethiopia
infinix_3_39,No Title,"ETB 8,000",8000.0,ETB,Location not specified,Recently,Unknown,Other,Unknown,,,infinix,3,39,2026-01-15T13:00:37.772470,Jiji Ethiopia
infinix_3_40,No Title,"ETB 8,000",8000.0,ETB,Location not specified,Recently,Unknown,Other,Unknown,,,infinix,3,40,2026-01-15T13:00:37.773468,Jiji Ethiopia
